{
  "n_records": 100,
  "format_success_rate": 1.0,
  "avg_num_steps": 9.08,
  "avg_num_tokens": 223.73,
  "boundary_eval_by_gap": {},
  "boundary_eval_by_gap_jump": {},
  "boundary_eval_by_kl": {},
  "correct_wrong_gap": {
    "field": "avg_gap",
    "correct_mean": 0.0194455183816944,
    "correct_median": 0.01768969537831154,
    "wrong_mean": 0.011365155621658718,
    "wrong_median": 0.011406661434607071,
    "wrong_gt_correct_ratio": 0.38787375415282394
  },
  "correct_wrong_kl": {
    "field": "avg_kl",
    "correct_mean": 0.6750120582968614,
    "correct_median": 0.38699268843290113,
    "wrong_mean": 0.6592950607314154,
    "wrong_median": 0.5433084274841518,
    "wrong_gt_correct_ratio": 0.5498338870431894
  },
  "boundary_pattern_yes_among_wrong": null
}