{
  "n_records": 20,
  "format_success_rate": 1.0,
  "avg_num_steps": 9.8,
  "avg_num_tokens": 244.95,
  "boundary_eval_by_gap": {},
  "boundary_eval_by_gap_jump": {},
  "boundary_eval_by_kl": {},
  "correct_wrong_gap": {
    "field": "avg_gap",
    "correct_mean": 0.026247739730862647,
    "correct_median": 0.01699559963127701,
    "wrong_mean": 0.01175658562109709,
    "wrong_median": 0.011991009618070207,
    "wrong_gt_correct_ratio": 0.328125
  },
  "correct_wrong_kl": {
    "field": "avg_kl",
    "correct_mean": 0.7687807730290014,
    "correct_median": 0.49208577289368177,
    "wrong_mean": 0.8304974661980289,
    "wrong_median": 0.7192803181872007,
    "wrong_gt_correct_ratio": 0.5625
  },
  "boundary_pattern_yes_among_wrong": null
}